Side_Effect,Medicine
Contact dermatitis and other eczema due to other specified agent,Corneal abrasion
Contracture,glycerol
Contractures NOS,bicarbonate
Muscle contracture,LMWH
Muscle contracture,histamine
Joint contracture,quinol
Joint contracture,potassium
Contracture of joint,kanamycin
"Contracture of joint, site unspecified",epinephrine
Contusion,thyroxine
Contusion,triiodothyronine
Bruise,Corneal abrasion
Bruise,glycerol
Contusion of unspecified site,bicarbonate
Convalescence,LMWH
Conversion disorder,histamine
Conversion disorder,quinol
Reaction conversion,potassium
Conversion reaction,kanamycin
Conversion hysteria,epinephrine
Hysteria conversion type,thyroxine
Neurosis conversion,triiodothyronine
Conversion neurosis,pyridoxine
Febrile convulsion,Corneal abrasion
Febrile convulsion,glycerol
Convulsion febrile,bicarbonate
Febrile seizure,LMWH
Fever convulsions,histamine
Febrile convulsion seizure,quinol
Febrile fits,potassium
Pyrexial fit,kanamycin
Coombs test,epinephrine
Coombs test,thyroxine
Coombs test,triiodothyronine
Coprophagia,phenytoin
Cor triatriatum,methazolamide
Cor triatriatum,5-azacytidine
Spinal cordotomy,methylprednisolone
Spinal cordotomy,abacavir
Spinal chordotomy,amphotericin
Conversion disorder,acebutolol
Conversion disorder,Corneal abrasion
Spinal cordotomy,glycerol
Spinal cordotomy,bicarbonate
Coombs test,LMWH
Coombs test,histamine
Coombs test,quinol
Muscle contracture,potassium
Muscle contracture,kanamycin
Joint contracture,epinephrine
Joint contracture,thyroxine
Bruise,triiodothyronine
Bruise,alfuzosin
Bruise,allopurinol
Bruise,Corneal abrasion
Muscle contracture,glycerol
Muscle contracture,bicarbonate
Joint contracture,LMWH
Joint contracture,histamine
Febrile convulsion,quinol
Febrile convulsion,potassium
Coombs test,kanamycin
Coombs test,epinephrine
Coombs test,thyroxine
Bruise,triiodothyronine
Bruise,retinol
Spinal cordotomy,thiosulfate
Spinal cordotomy,tetrahydrobiopterin
Spinal cordotomy,thiamine
Spinal cordotomy,thymidine
Spinal cordotomy,methamphetamine
Spinal cordotomy,naproxen
Spinal cordotomy,Corneal abrasion
Spinal cordotomy,glycerol
Spinal cordotomy,bicarbonate
Spinal cordotomy,LMWH
Coombs test,histamine
Coombs test,quinol
Coombs test,potassium
Acute abdomen,kanamycin
Acute abdomen,epinephrine
Acute abdomen,thyroxine
Acute abdomen,triiodothyronine
Acute abdomen,Corneal abrasion
Abdominal cramps,glycerol
Abdominal cramps,bicarbonate
Abdominal cramps,LMWH
Abdominal cramps,histamine
Abdominal cramps,quinol
Abdominal cramps,potassium
Swelling abd,Corneal abrasion
Abdominal cramps,glycerol
Cramp abdominal,bicarbonate
Cramp abdominal,LMWH
Cramp abdominal,histamine
Cramp abdominal,quinol
Cramp abdominal,potassium
Cramp abdominal,kanamycin
Cramp abdominal,epinephrine
Cramp abdominal,thyroxine
Cramp abdominal,triiodothyronine
X-ray abnormal,amifostine
X-ray abnormal,amikacin
